n_surface_panels,Cl,Cd,x_tr_upper_c,dCd_pct
120,0.4534070112712642,0.002828474976313081,0.43321149647007706,
180,0.4546764940248692,0.0030080754985131915,0.4096104730962424,6.349729932354564
260,0.4554263478741225,0.0030823066343523362,0.4088941964382733,2.467728482075504
360,0.4558889068102952,0.003144126433683626,0.4145537206086497,2.005634307836468
480,0.45618969788749714,0.0032421762727860024,0.4090195122332134,3.118508150688526
