alpha_deg,Cl,Cd,L_over_D,xtr_upper_c,xtr_lower_c
-3.0,-0.0986,0.00299,-33.0,0.529,0.276
-2.0,0.0246,0.0029,8.5,0.509,0.326
-1.0,0.1478,0.00287,51.5,0.486,0.369
0.0,0.2709,0.00294,92.1,0.453,0.4
1.0,0.3939,0.00301,130.9,0.431,0.434
2.0,0.5169,0.00315,164.2,0.399,0.466
3.0,0.6396,0.0034,188.2,0.355,0.488
4.0,0.7622,0.00372,204.9,0.303,0.519
5.0,0.8845,0.00467,189.3,0.144,0.54
6.0,1.0065,0.0054,186.5,0.078,0.558
7.0,1.1282,0.00588,191.8,0.071,0.578
8.0,1.2496,0.0064,195.4,0.07,0.61
